{"airports": [{"code": "CGH", "city": "São Paulo", "country": "Brasil", "name": "São Paulo–Congonhas", "lat": -23.6261, "lon": -46.6564, "runwayM": 1940, "tier": "mega"}, {"code": "VCP", "city": "Campinas", "country": "Brasil", "name": "Viracopos", "lat": -23.0074, "lon": -47.1345, "runwayM": 3240, "tier": "mega"}, {"code": "SDU", "city": "Rio de Janeiro", "country": "Brasil", "name": "Santos Dumont", "lat": -22.9105, "lon": -43.1631, "runwayM": 1323, "tier": "major"}, {"code": "CNF", "city": "Belo Horizonte", "country": "Brasil", "name": "Confins", "lat": -19.6244, "lon": -43.9719, "runwayM": 3600, "tier": "mega"}, {"code": "SSA", "city": "Salvador", "country": "Brasil", "name": "Salvador", "lat": -12.9086, "lon": -38.3225, "runwayM": 3003, "tier": "mega"}, {"code": "REC", "city": "Recife", "country": "Brasil", "name": "Recife", "lat": -8.1265, "lon": -34.9236, "runwayM": 3007, "tier": "mega"}, {"code": "FOR", "city": "Fortaleza", "country": "Brasil", "name": "Fortaleza", "lat": -3.7763, "lon": -38.5326, "runwayM": 2755, "tier": "mega"}, {"code": "CWB", "city": "Curitiba", "country": "Brasil", "name": "Curitiba", "lat": -25.5285, "lon": -49.1758, "runwayM": 2215, "tier": "major"}, {"code": "POA", "city": "Porto Alegre", "country": "Brasil", "name": "Porto Alegre", "lat": -29.9944, "lon": -51.1714, "runwayM": 3200, "tier": "mega"}, {"code": "FLN", "city": "Florianópolis", "country": "Brasil", "name": "Florianópolis", "lat": -27.6705, "lon": -48.5525, "runwayM": 2400, "tier": "major"}, {"code": "MAO", "city": "Manaus", "country": "Brasil", "name": "Manaus", "lat": -3.0386, "lon": -60.0497, "runwayM": 2700, "tier": "mega"}, {"code": "BEL", "city": "Belém", "country": "Brasil", "name": "Belém", "lat": -1.3793, "lon": -48.4763, "runwayM": 2800, "tier": "mega"}, {"code": "NAT", "city": "Natal", "country": "Brasil", "name": "Natal", "lat": -5.7681, "lon": -35.3761, "runwayM": 3000, "tier": "major"}, {"code": "MCZ", "city": "Maceió", "country": "Brasil", "name": "Maceió", "lat": -9.5108, "lon": -35.7917, "runwayM": 2600, "tier": "major"}, {"code": "AJU", "city": "Aracaju", "country": "Brasil", "name": "Aracaju", "lat": -10.984, "lon": -37.0703, "runwayM": 2200, "tier": "major"}, {"code": "JPA", "city": "João Pessoa", "country": "Brasil", "name": "João Pessoa", "lat": -7.1458, "lon": -34.9486, "runwayM": 2515, "tier": "major"}, {"code": "THE", "city": "Teresina", "country": "Brasil", "name": "Teresina", "lat": -5.0599, "lon": -42.8235, "runwayM": 2200, "tier": "major"}, {"code": "SLZ", "city": "São Luís", "country": "Brasil", "name": "São Luís", "lat": -2.5854, "lon": -44.2341, "runwayM": 2366, "tier": "major"}, {"code": "BVB", "city": "Boa Vista", "country": "Brasil", "name": "Boa Vista", "lat": 2.8414, "lon": -60.6922, "runwayM": 2700, "tier": "major"}, {"code": "PVH", "city": "Porto Velho", "country": "Brasil", "name": "Porto Velho", "lat": -8.7093, "lon": -63.9023, "runwayM": 2400, "tier": "major"}, {"code": "RBR", "city": "Rio Branco", "country": "Brasil", "name": "Rio Branco", "lat": -9.8689, "lon": -67.8981, "runwayM": 2158, "tier": "major"}, {"code": "CGB", "city": "Cuiabá", "country": "Brasil", "name": "Cuiabá", "lat": -15.6529, "lon": -56.1167, "runwayM": 2285, "tier": "major"}, {"code": "GYN", "city": "Goiânia", "country": "Brasil", "name": "Goiânia", "lat": -16.6319, "lon": -49.2207, "runwayM": 2600, "tier": "major"}, {"code": "CGR", "city": "Campo Grande", "country": "Brasil", "name": "Campo Grande", "lat": -20.4687, "lon": -54.6725, "runwayM": 2600, "tier": "major"}, {"code": "VIX", "city": "Vitória", "country": "Brasil", "name": "Vitória", "lat": -20.2581, "lon": -40.2864, "runwayM": 1750, "tier": "major"}, {"code": "PMW", "city": "Palmas", "country": "Brasil", "name": "Palmas", "lat": -10.2915, "lon": -48.3579, "runwayM": 2500, "tier": "major"}, {"code": "IOS", "city": "Ilhéus", "country": "Brasil", "name": "Ilhéus", "lat": -14.8159, "lon": -39.0332, "runwayM": 1577, "tier": "major"}, {"code": "LDB", "city": "Londrina", "country": "Brasil", "name": "Londrina", "lat": -23.3336, "lon": -51.1301, "runwayM": 2100, "tier": "major"}, {"code": "IGU", "city": "Foz do Iguaçu", "country": "Brasil", "name": "Foz do Iguaçu", "lat": -25.5961, "lon": -54.4872, "runwayM": 2194, "tier": "major"}, {"code": "NVT", "city": "Navegantes", "country": "Brasil", "name": "Navegantes", "lat": -26.8796, "lon": -48.651, "runwayM": 1701, "tier": "major"}, {"code": "GVR", "city": "Governador Valadares", "country": "Brasil", "name": "Governador Valadares", "lat": -18.8952, "lon": -41.9822, "runwayM": 1600, "tier": "regional"}, {"code": "RAO", "city": "Ribeirão Preto", "country": "Brasil", "name": "Ribeirão Preto", "lat": -21.1364, "lon": -47.7767, "runwayM": 2100, "tier": "major"}, {"code": "UDI", "city": "Uberlândia", "country": "Brasil", "name": "Uberlândia", "lat": -18.8836, "lon": -48.2253, "runwayM": 2100, "tier": "major"}, {"code": "JDO", "city": "Juazeiro do Norte", "country": "Brasil", "name": "Juazeiro do Norte", "lat": -7.2181, "lon": -39.2701, "runwayM": 1800, "tier": "major"}, {"code": "FEN", "city": "Fernando de Noronha", "country": "Brasil", "name": "Fernando de Noronha", "lat": -3.8549, "lon": -32.4233, "runwayM": 1845, "tier": "regional"}, {"code": "JFK", "city": "New York", "country": "USA", "name": "John F. Kennedy", "lat": 40.6413, "lon": -73.7781, "runwayM": 4442, "tier": "mega"}, {"code": "LGA", "city": "New York", "country": "USA", "name": "LaGuardia", "lat": 40.7769, "lon": -73.874, "runwayM": 2134, "tier": "major"}, {"code": "EWR", "city": "Newark", "country": "USA", "name": "Newark", "lat": 40.6895, "lon": -74.1745, "runwayM": 3353, "tier": "mega"}, {"code": "LAX", "city": "Los Angeles", "country": "USA", "name": "Los Angeles", "lat": 33.9416, "lon": -118.4085, "runwayM": 3685, "tier": "mega"}, {"code": "SFO", "city": "San Francisco", "country": "USA", "name": "San Francisco", "lat": 37.6213, "lon": -122.379, "runwayM": 3618, "tier": "mega"}, {"code": "ORD", "city": "Chicago", "country": "USA", "name": "O'Hare", "lat": 41.9742, "lon": -87.9073, "runwayM": 3962, "tier": "mega"}, {"code": "ATL", "city": "Atlanta", "country": "USA", "name": "Hartsfield–Jackson", "lat": 33.6407, "lon": -84.4277, "runwayM": 3743, "tier": "mega"}, {"code": "DFW", "city": "Dallas", "country": "USA", "name": "Dallas/Fort Worth", "lat": 32.8998, "lon": -97.0403, "runwayM": 4084, "tier": "mega"}, {"code": "DEN", "city": "Denver", "country": "USA", "name": "Denver", "lat": 39.8561, "lon": -104.6737, "runwayM": 4877, "tier": "mega"}, {"code": "MIA", "city": "Miami", "country": "USA", "name": "Miami", "lat": 25.7959, "lon": -80.287, "runwayM": 3962, "tier": "mega"}, {"code": "SEA", "city": "Seattle", "country": "USA", "name": "Seattle–Tacoma", "lat": 47.4502, "lon": -122.3088, "runwayM": 3627, "tier": "mega"}, {"code": "BOS", "city": "Boston", "country": "USA", "name": "Logan", "lat": 42.3656, "lon": -71.0096, "runwayM": 3048, "tier": "mega"}, {"code": "YYZ", "city": "Toronto", "country": "Canada", "name": "Toronto Pearson", "lat": 43.6777, "lon": -79.6248, "runwayM": 3389, "tier": "mega"}, {"code": "YVR", "city": "Vancouver", "country": "Canada", "name": "Vancouver", "lat": 49.1951, "lon": -123.1779, "runwayM": 3500, "tier": "mega"}, {"code": "MEX", "city": "Mexico City", "country": "Mexico", "name": "Benito Juárez", "lat": 19.4361, "lon": -99.0719, "runwayM": 3952, "tier": "mega"}, {"code": "GRU", "city": "São Paulo", "country": "Brasil", "name": "Guarulhos", "lat": -23.4356, "lon": -46.4731, "runwayM": 3700, "tier": "mega"}, {"code": "GIG", "city": "Rio de Janeiro", "country": "Brasil", "name": "Galeão", "lat": -22.809, "lon": -43.2506, "runwayM": 4000, "tier": "mega"}, {"code": "BSB", "city": "Brasília", "country": "Brasil", "name": "Brasília", "lat": -15.8697, "lon": -47.9172, "runwayM": 3300, "tier": "mega"}, {"code": "EZE", "city": "Buenos Aires", "country": "Argentina", "name": "Ezeiza", "lat": -34.8222, "lon": -58.5358, "runwayM": 3300, "tier": "mega"}, {"code": "SCL", "city": "Santiago", "country": "Chile", "name": "Arturo Merino Benítez", "lat": -33.3929, "lon": -70.7858, "runwayM": 3800, "tier": "mega"}, {"code": "LIM", "city": "Lima", "country": "Peru", "name": "Jorge Chávez", "lat": -12.0219, "lon": -77.1143, "runwayM": 3507, "tier": "mega"}, {"code": "BOG", "city": "Bogotá", "country": "Colombia", "name": "El Dorado", "lat": 4.7016, "lon": -74.1469, "runwayM": 3800, "tier": "mega"}, {"code": "MAD", "city": "Madrid", "country": "Spain", "name": "Barajas", "lat": 40.4983, "lon": -3.5676, "runwayM": 4349, "tier": "mega"}, {"code": "BCN", "city": "Barcelona", "country": "Spain", "name": "Barcelona", "lat": 41.2974, "lon": 2.0833, "runwayM": 3352, "tier": "mega"}, {"code": "LHR", "city": "London", "country": "UK", "name": "Heathrow", "lat": 51.47, "lon": -0.4543, "runwayM": 3902, "tier": "mega"}, {"code": "LGW", "city": "London", "country": "UK", "name": "Gatwick", "lat": 51.1537, "lon": -0.1821, "runwayM": 3316, "tier": "mega"}, {"code": "CDG", "city": "Paris", "country": "France", "name": "Charles de Gaulle", "lat": 49.0097, "lon": 2.5479, "runwayM": 4215, "tier": "mega"}, {"code": "ORY", "city": "Paris", "country": "France", "name": "Orly", "lat": 48.7262, "lon": 2.3652, "runwayM": 3650, "tier": "mega"}, {"code": "FRA", "city": "Frankfurt", "country": "Germany", "name": "Frankfurt", "lat": 50.0379, "lon": 8.5622, "runwayM": 4000, "tier": "mega"}, {"code": "MUC", "city": "Munich", "country": "Germany", "name": "Munich", "lat": 48.3538, "lon": 11.7861, "runwayM": 4000, "tier": "mega"}, {"code": "AMS", "city": "Amsterdam", "country": "Netherlands", "name": "Schiphol", "lat": 52.3105, "lon": 4.7683, "runwayM": 3800, "tier": "mega"}, {"code": "ZRH", "city": "Zurich", "country": "Switzerland", "name": "Zurich", "lat": 47.4647, "lon": 8.5492, "runwayM": 3700, "tier": "mega"}, {"code": "FCO", "city": "Rome", "country": "Italy", "name": "Fiumicino", "lat": 41.8003, "lon": 12.2389, "runwayM": 3900, "tier": "mega"}, {"code": "MXP", "city": "Milan", "country": "Italy", "name": "Malpensa", "lat": 45.6301, "lon": 8.7231, "runwayM": 3920, "tier": "mega"}, {"code": "IST", "city": "Istanbul", "country": "Turkey", "name": "Istanbul", "lat": 41.2753, "lon": 28.7519, "runwayM": 4100, "tier": "mega"}, {"code": "DXB", "city": "Dubai", "country": "UAE", "name": "Dubai", "lat": 25.2532, "lon": 55.3657, "runwayM": 4447, "tier": "mega"}, {"code": "DOH", "city": "Doha", "country": "Qatar", "name": "Hamad", "lat": 25.2736, "lon": 51.6081, "runwayM": 4850, "tier": "mega"}, {"code": "AUH", "city": "Abu Dhabi", "country": "UAE", "name": "Abu Dhabi", "lat": 24.433, "lon": 54.6511, "runwayM": 4100, "tier": "mega"}, {"code": "RUH", "city": "Riyadh", "country": "Saudi Arabia", "name": "King Khalid", "lat": 24.9576, "lon": 46.6988, "runwayM": 4205, "tier": "mega"}, {"code": "JED", "city": "Jeddah", "country": "Saudi Arabia", "name": "King Abdulaziz", "lat": 21.6702, "lon": 39.1528, "runwayM": 4000, "tier": "mega"}, {"code": "CAI", "city": "Cairo", "country": "Egypt", "name": "Cairo", "lat": 30.112, "lon": 31.4, "runwayM": 4000, "tier": "mega"}, {"code": "JNB", "city": "Johannesburg", "country": "South Africa", "name": "O. R. Tambo", "lat": -26.1337, "lon": 28.242, "runwayM": 4418, "tier": "mega"}, {"code": "CPT", "city": "Cape Town", "country": "South Africa", "name": "Cape Town", "lat": -33.97, "lon": 18.597, "runwayM": 3200, "tier": "mega"}, {"code": "NBO", "city": "Nairobi", "country": "Kenya", "name": "Jomo Kenyatta", "lat": -1.3192, "lon": 36.9278, "runwayM": 4117, "tier": "mega"}, {"code": "ADD", "city": "Addis Ababa", "country": "Ethiopia", "name": "Bole", "lat": 8.9779, "lon": 38.7993, "runwayM": 3800, "tier": "mega"}, {"code": "DEL", "city": "Delhi", "country": "India", "name": "Indira Gandhi", "lat": 28.5562, "lon": 77.1, "runwayM": 4430, "tier": "mega"}, {"code": "BOM", "city": "Mumbai", "country": "India", "name": "Chhatrapati Shivaji", "lat": 19.0896, "lon": 72.8656, "runwayM": 3445, "tier": "mega"}, {"code": "BLR", "city": "Bengaluru", "country": "India", "name": "Kempegowda", "lat": 13.1986, "lon": 77.7066, "runwayM": 4000, "tier": "mega"}, {"code": "SIN", "city": "Singapore", "country": "Singapore", "name": "Changi", "lat": 1.3644, "lon": 103.9915, "runwayM": 4000, "tier": "mega"}, {"code": "KUL", "city": "Kuala Lumpur", "country": "Malaysia", "name": "Kuala Lumpur", "lat": 2.7456, "lon": 101.7072, "runwayM": 4000, "tier": "mega"}, {"code": "BKK", "city": "Bangkok", "country": "Thailand", "name": "Suvarnabhumi", "lat": 13.69, "lon": 100.7501, "runwayM": 4000, "tier": "mega"}, {"code": "HKG", "city": "Hong Kong", "country": "China", "name": "Hong Kong", "lat": 22.308, "lon": 113.9185, "runwayM": 3800, "tier": "mega"}, {"code": "PVG", "city": "Shanghai", "country": "China", "name": "Pudong", "lat": 31.1443, "lon": 121.8083, "runwayM": 4000, "tier": "mega"}, {"code": "PEK", "city": "Beijing", "country": "China", "name": "Capital", "lat": 40.0799, "lon": 116.6031, "runwayM": 3800, "tier": "mega"}, {"code": "CAN", "city": "Guangzhou", "country": "China", "name": "Baiyun", "lat": 23.3924, "lon": 113.2988, "runwayM": 3600, "tier": "mega"}, {"code": "ICN", "city": "Seoul", "country": "South Korea", "name": "Incheon", "lat": 37.4602, "lon": 126.4407, "runwayM": 3750, "tier": "mega"}, {"code": "NRT", "city": "Tokyo", "country": "Japan", "name": "Narita", "lat": 35.7767, "lon": 140.3189, "runwayM": 4000, "tier": "mega"}, {"code": "HND", "city": "Tokyo", "country": "Japan", "name": "Haneda", "lat": 35.5494, "lon": 139.7798, "runwayM": 3000, "tier": "mega"}, {"code": "SYD", "city": "Sydney", "country": "Australia", "name": "Sydney", "lat": -33.9399, "lon": 151.1753, "runwayM": 3962, "tier": "mega"}, {"code": "MEL", "city": "Melbourne", "country": "Australia", "name": "Melbourne", "lat": -37.669, "lon": 144.841, "runwayM": 3657, "tier": "mega"}], "source": "curated_stage5_01"}